alias brittany Brittany Craig <brittanykcraig@gmail.com>
alias aaron Aaron Schneberger <shadowfiend23@gmail.com>
alias alex Alex Phillips <alexprphillips@gmail.com>
alias minhui Minhui Zhu <zhumh0821@gmail.com>
alias will William Wheeler <willwheelera@gmail.com>
alias ted Ted Kim <ted.kim1989@gmail.com>
alias jake Jacob Dixon <jacob.dixon5@gmail.com>
alias gabe Gabriel Ehrlich <gabriel.s.ehrlich@gmail.com>
alias dan Daniel Krehbiel <dkrehb2@gmail.com>
alias iris Tian Lan <llantian2014@gmail.com>
alias momar Momar Ndiaye <lacadanses@gmail.com>
alias trey Tredayne Cabanlit <trey.dayne@yahoo.com>
alias missy Melissa Baber <melissababer@cheerful.com>
alias yaya Yayun Gao <gaoyaya@umich.edu>
alias max Maxwell Baymiller <maxbaymiller@gmail.com>

alias brooks 505brooks@googlegroups.com
alias couch couch@googlegroups.com

alias board couch-coops-board@googlegroups.com

alias daniella Daniella Marinov <daniellamarinov@gmail.com>
alias kathy Kathy Runck <krunck@illinois.edu>

alias li Zhengxi Li <zli89@illinois.edu>
alias justin Justin Wasserman <jbwasse2@illinois.edu>
alias junwu Junwu Zhang <jzhng120@illinois.edu>
alias austin Austin Born <austinborn212@gmail.com>
alias john John Born <jmborn2@illinois.edu>
alias chris Christopher Horn <chorn4@illinois.edu>
alias swarm li, justin, junwu, austin, john, chris

alias chase Chase Gladish <chasegladish@gmail.com>

alias nate <nspeide2@illinois.edu>
alias israel Israel Becerra Durán <israelb@cimat.mx>
alias steve Steve LaValle <lavalle@illinois.edu>
alias lisa Lisa Yanello <yanello@illinois.edu>
alias group MSL <vr_msl@lists.illinois.edu>

alias amy Amy LaViers <alaviers@illinois.edu>
alias umer Umer Huzaifa <Mhuzaif2@illinois.edu>
alias anum Anum Jangs Sher <jangshe2@illinois.edu>
alias lin Lin Bai <lb7ss@virginia.edu>
alias maddy Madison Heimerdinger <heimerd2@illinois.edu>
alias ishaan Ishaan Pakrasi <ishaanpakrasi7@gmail.com>
alias hang Hang Cui <hangcui3@illinois.edu>
alias motion amy, umer, anum, lin, maddy, ishaan, hang
alias radlab radlab@lists.illinois.edu

alias seth Seth Hutchinson <seth@illinois.edu>

alias robolunch <cchen130@illinois.edu>, <ishaanpakrasi7@gmail.com>, <jehoff2@illinois.edu>, <kcmeier2@illinois.edu>, <potok2@illinois.edu>, <Mhuzaif2@illinois.edu>
alias robotics robotics@lists.csl.illinois.edu

alias dylan Dylan Shell <dshell@tamu.edu>
alias hadas Hadas Kress-Gazit <hadaskg@cornell.edu>
alias andrea Andrea Censi <acensi@ethz.ch>
alias jason Jason O'Kane <jokane@cse.sc.edu>
alias rss hadas, andrea, jason

alias everett Everett Hildenbrandt <hildenb2@illinois.edu>
alias eric Eric Jones <jones.eric93@gmail.com>
alias alyssa Alyssa Winchell <alyssa.a.winchell@gmail.com>
alias dgrish David Grisham <dgrisham@mines.edu>
alias logan Logan Hillberry <lhillber@utexas.edu>
alias ameen Ameen <aghavamrnh2@gmail.com>
alias kristin Kristin Vaccaro <kvaccaro@illinois.edu>
alias andi Andi Liu <andie367@gmail.com>
alias halie Halie Kastl <halie.kastl@gmail.com>
alias yurt everett, eric, alyssa, ameen

alias gila everett, ameen, max, alex, kristin, halie, andi

alias david David Jun <davidjun@petronics.io>
alias petronics davidjun@petronics.io, doom@petronics.io, dave@petronics.io

alias patrick Patrick Lin <plin15@illinois.edu>
alias shant Shant Boodahaians <shant@boodaghians.com>
alias belinda Belinda Tzen <btzen2@illinois.edu>
alias helen Helen Wauck <wauck2@illinois.edu>
alias colin Colin Graber <cgraber2@illinois.edu>
alias zane Zane Ma <zanema2@illinois.edu>
alias deepak Deepak Kumar <dkumar11@illinois.edu>
alias pranjal Pranjal Vachaspati <pr@nj.al>
alias csgso <csgso-officers@lists.cs.illinois.edu>
